{"stats":{"minecraft:mined":{"minecraft:yellow_terracotta":1,"minecraft:large_amethyst_bud":3,"minecraft:tuff":1,"minecraft:farmland":2,"minecraft:deepslate_diamond_ore":3,"minecraft:oak_door":1,"minecraft:cobblestone_stairs":48,"minecraft:jungle_leaves":2,"minecraft:cave_vines_plant":1,"minecraft:glow_lichen":3,"minecraft:budding_amethyst":3,"minecraft:grass_block":788,"minecraft:jungle_log":9,"minecraft:spawner":1,"minecraft:redstone_ore":11,"minecraft:iron_ore":150,"minecraft:andesite":54,"minecraft:deepslate_lapis_ore":9,"minecraft:pointed_dripstone":2,"minecraft:flowering_azalea_leaves":1,"minecraft:cave_vines":8,"minecraft:deepslate_iron_ore":66,"minecraft:vine":36,"minecraft:dirt_path":6,"minecraft:oak_stairs":2,"minecraft:bamboo":4,"minecraft:stone":2148,"minecraft:deepslate_redstone_ore":24,"minecraft:lily_of_the_valley":17,"minecraft:medium_amethyst_bud":1,"minecraft:amethyst_cluster":20,"minecraft:oak_fence":3,"minecraft:crafting_table":4,"minecraft:torch":10,"minecraft:short_grass":675,"minecraft:calcite":4,"minecraft:poppy":1,"minecraft:melon":18,"minecraft:chest":2,"minecraft:dead_bush":2,"minecraft:copper_ore":25,"minecraft:tall_grass":15,"minecraft:cobblestone":132,"minecraft:deepslate_coal_ore":3,"minecraft:lapis_ore":6,"minecraft:deepslate_gold_ore":19,"minecraft:sugar_cane":3,"minecraft:oak_planks":2,"minecraft:diorite":29,"minecraft:wall_torch":28,"minecraft:amethyst_block":15,"minecraft:red_terracotta":1,"minecraft:cobblestone_wall":2,"minecraft:birch_log":67,"minecraft:birch_leaves":24,"minecraft:oak_log":203,"minecraft:coal_ore":244,"minecraft:cocoa":15,"minecraft:gravel":93,"minecraft:sand":12,"minecraft:dirt":656,"minecraft:cobweb":15,"minecraft:smooth_basalt":10,"minecraft:gold_ore":12,"minecraft:oak_leaves":242,"minecraft:deepslate":37,"minecraft:fern":104},"minecraft:custom":{"minecraft:mob_kills":87,"minecraft:interact_with_crafting_table":105,"minecraft:leave_game":5,"minecraft:time_since_death":136863,"minecraft:climb_one_cm":9241,"minecraft:sprint_one_cm":1307908,"minecraft:walk_one_cm":1673045,"minecraft:drop":2,"minecraft:play_time":485050,"minecraft:sneak_time":5360,"minecraft:deaths":2,"minecraft:walk_under_water_one_cm":43412,"minecraft:jump":4217,"minecraft:walk_on_water_one_cm":57775,"minecraft:total_world_time":492161,"minecraft:interact_with_furnace":109,"minecraft:sleep_in_bed":16,"minecraft:time_since_rest":92,"minecraft:damage_taken":3397,"minecraft:damage_dealt":13427,"minecraft:swim_one_cm":19635,"minecraft:fly_one_cm":364572,"minecraft:open_chest":172,"minecraft:crouch_one_cm":16327,"minecraft:fall_one_cm":75701},"minecraft:killed":{"minecraft:spider":3,"minecraft:phantom":3,"minecraft:skeleton":12,"minecraft:chicken":5,"minecraft:pig":10,"minecraft:creeper":7,"minecraft:sheep":7,"minecraft:zombie":28,"minecraft:cow":11},"minecraft:broken":{"minecraft:iron_shovel":6,"minecraft:stone_pickaxe":6,"minecraft:iron_axe":1,"minecraft:stone_axe":1,"minecraft:iron_pickaxe":8,"minecraft:stone_shovel":1},"minecraft:killed_by":{"minecraft:creeper":2},"minecraft:crafted":{"minecraft:oak_door":3,"minecraft:oak_planks":220,"minecraft:stone_shovel":2,"minecraft:cooked_chicken":5,"minecraft:furnace":2,"minecraft:cobblestone_stairs":372,"minecraft:cooked_mutton":12,"minecraft:iron_boots":1,"minecraft:iron_axe":4,"minecraft:stone_pickaxe":6,"minecraft:cobblestone_wall":66,"minecraft:chest":7,"minecraft:stone_hoe":1,"minecraft:oak_fence":48,"minecraft:birch_sign":6,"minecraft:cooked_beef":12,"minecraft:cooked_porkchop":11,"minecraft:crafting_table":5,"minecraft:wooden_pickaxe":1,"minecraft:iron_helmet":2,"minecraft:iron_sword":3,"minecraft:copper_ingot":22,"minecraft:bucket":2,"minecraft:birch_planks":76,"minecraft:stone_axe":1,"minecraft:iron_chestplate":1,"minecraft:diamond_pickaxe":1,"minecraft:stick":188,"minecraft:iron_ingot":178,"minecraft:iron_pickaxe":12,"minecraft:oak_stairs":8,"minecraft:wooden_axe":1,"minecraft:iron_shovel":7,"minecraft:iron_leggings":1,"minecraft:gold_ingot":7,"minecraft:white_bed":1,"minecraft:torch":386},"minecraft:used":{"minecraft:oak_fence":25,"minecraft:iron_shovel":1611,"minecraft:stone_shovel":249,"minecraft:chest":9,"minecraft:iron_sword":289,"minecraft:cooked_chicken":5,"minecraft:stone_hoe":85,"minecraft:oak_door":3,"minecraft:iron_chestplate":1,"minecraft:torch":346,"minecraft:dirt":501,"minecraft:cobblestone_wall":68,"minecraft:wooden_axe":20,"minecraft:iron_axe":443,"minecraft:oak_stairs":10,"minecraft:iron_helmet":2,"minecraft:iron_boots":2,"minecraft:beef":3,"minecraft:oak_sapling":4,"minecraft:furnace":2,"minecraft:cooked_beef":12,"minecraft:potato":1,"minecraft:cobbled_deepslate":8,"minecraft:iron_leggings":2,"minecraft:wheat_seeds":77,"minecraft:cooked_mutton":12,"minecraft:water_bucket":56,"minecraft:diorite":4,"minecraft:cobblestone_stairs":370,"minecraft:stone_pickaxe":786,"minecraft:wooden_pickaxe":17,"minecraft:glow_berries":1,"minecraft:yellow_terracotta":1,"minecraft:crafting_table":8,"minecraft:birch_sign":5,"minecraft:white_bed":2,"minecraft:oak_log":114,"minecraft:bread":2,"minecraft:melon_slice":75,"minecraft:iron_pickaxe":2317,"minecraft:red_terracotta":1,"minecraft:gravel":49,"minecraft:stone_axe":81,"minecraft:cobblestone":1583,"minecraft:cooked_porkchop":11,"minecraft:bucket":56},"minecraft:picked_up":{"minecraft:cocoa_beans":43,"minecraft:crafting_table":4,"minecraft:iron_chestplate":1,"minecraft:chicken":5,"minecraft:chest_minecart":1,"minecraft:oak_stairs":2,"minecraft:amethyst_block":15,"minecraft:string":18,"minecraft:moss_carpet":2,"minecraft:raw_copper":93,"minecraft:iron_axe":1,"minecraft:iron_leggings":1,"minecraft:iron_shovel":1,"minecraft:cobbled_deepslate":46,"minecraft:bucket":1,"minecraft:beef":22,"minecraft:calcite":4,"minecraft:azalea":1,"minecraft:poppy":1,"minecraft:iron_pickaxe":1,"minecraft:light_gray_wool":1,"minecraft:melon_slice":86,"minecraft:sugar_cane":9,"minecraft:chest":2,"minecraft:birch_sapling":2,"minecraft:phantom_membrane":1,"minecraft:egg":3,"minecraft:iron_boots":1,"minecraft:stick":22,"minecraft:raw_iron":231,"minecraft:oak_door":1,"minecraft:oak_fence":5,"minecraft:torch":67,"minecraft:porkchop":20,"minecraft:pointed_dripstone":5,"minecraft:diorite":44,"minecraft:redstone":166,"minecraft:rotten_flesh":24,"minecraft:arrow":5,"minecraft:yellow_terracotta":1,"minecraft:glow_berries":5,"minecraft:mutton":12,"minecraft:rail":21,"minecraft:white_wool":6,"minecraft:cobblestone":2354,"minecraft:birch_log":66,"minecraft:feather":7,"minecraft:cooked_beef":1,"minecraft:glow_ink_sac":11,"minecraft:andesite":54,"minecraft:jungle_log":17,"minecraft:leather":14,"minecraft:potato":1,"minecraft:flint":15,"minecraft:tuff":1,"minecraft:oak_log":206,"minecraft:cobblestone_wall":2,"minecraft:gunpowder":4,"minecraft:cobblestone_stairs":46,"minecraft:lapis_lazuli":93,"minecraft:dirt":1790,"minecraft:name_tag":1,"minecraft:bone":12,"minecraft:apple":1,"minecraft:bow":1,"minecraft:wheat_seeds":115,"minecraft:raw_gold":30,"minecraft:iron_ingot":2,"minecraft:bamboo":26,"minecraft:iron_sword":1,"minecraft:oak_planks":33,"minecraft:smooth_basalt":8,"minecraft:gravel":83,"minecraft:sand":12,"minecraft:amethyst_shard":80,"minecraft:white_bed":1,"minecraft:lily_of_the_valley":17,"minecraft:red_terracotta":1,"minecraft:diamond":3,"minecraft:bread":1,"minecraft:oak_sapling":32,"minecraft:coal":254},"minecraft:dropped":{"minecraft:iron_sword":2}},"DataVersion":3839}